 point source cell,nocell
 point source cell,6456  
 point source cell,8213  
 point source cell,8214  
 point source cell,10370 
 point source cell,10389 
 point source cell,10408 
 point source cell,10388 
 point source cell,10157 
 point source cell,10362 
 point source cell,10296 
 point source cell,10158 
 point source cell,10127 
 point source cell,6786  
 point source cell,4938  
 point source cell,10000 
 point source cell,6914  
 point source cell,7030  
 point source cell,8990  
 point source cell,11047 
 point source cell,8123  
 point source cell,9038  
 point source cell,9117  
 point source cell,8938  
 point source cell,9975  
 point source cell,11050 
 point source cell,10955 
 point source cell,9148  
 point source cell,9027  
 point source cell,8934  
 point source cell,6915  
 point source cell,9865  
 point source cell,10706 
 point source cell,10731 
 point source cell,10956 
 point source cell,8923  
 point source cell,6707  
 point source cell,8053  
 point source cell,11048 
 point source cell,10909 
 point source cell,9758  
 point source cell,10910 
 point source cell,6477  
 point source cell,10606 
 point source cell,10776 
 point source cell,6785  
 point source cell,10746 
 point source cell,7782  
 point source cell,8918  
 point source cell,9868  
 point source cell,10129 
 point source cell,7746  
 point source cell,7969  
 point source cell,10830 
 point source cell,9727  
 point source cell,6475  
 point source cell,6473  
 point source cell,9147  
 point source cell,4399  
 point source cell,7119  
 point source cell,8916  
 point source cell,9210  
 point source cell,4401  
 point source cell,7967  
 point source cell,9483  
 point source cell,5034  
 point source cell,4396  
 point source cell,9622  
 point source cell,6853  
 point source cell,10998 
 point source cell,9804  
 point source cell,6509  
 point source cell,11025 
 point source cell,9782  
 point source cell,10291 
 point source cell,9743  
 point source cell,9454  
 point source cell,8936  
 point source cell,7968  
 point source cell,7966  
 point source cell,10901 
 point source cell,9787  
 point source cell,6803  
 point source cell,11016 
 point source cell,7963  
 point source cell,9367  
 point source cell,9719  
 point source cell,9774  
 point source cell,8083  
 point source cell,6974  
 point source cell,10444 
 point source cell,9623  
 point source cell,7965  
 point source cell,7971  
 point source cell,6716  
 point source cell,6854  
 point source cell,8215  
 point source cell,9510  
 point source cell,6639  
 point source cell,6726  
 point source cell,11017 
 point source cell,7976  
 point source cell,8125  
 point source cell,6124  
 point source cell,5519  
 point source cell,5033  
 point source cell,11020 
 point source cell,9929  
 point source cell,9723  
 point source cell,6442  
 point source cell,7118  
 point source cell,10448 
 point source cell,8921  
 point source cell,10318 
 point source cell,5052  
 point source cell,10622 
 point source cell,6351  
 point source cell,6615  
 point source cell,10290 
 point source cell,10471 
 point source cell,9198  
 point source cell,7818  
 point source cell,10361 
 point source cell,9045  
 point source cell,979   
 point source cell,1696  
 point source cell,2114  
 point source cell,2786  
 point source cell,224   
 point source cell,296   
 point source cell,4413  
 point source cell,4339  
 point source cell,976   
 point source cell,1075  
 point source cell,711   
 point source cell,3878  
 point source cell,4870  
 point source cell,3670  
 point source cell,1729  
 point source cell,3536  
 point source cell,420   
 point source cell,5038  
 point source cell,260   
 point source cell,3393  
 point source cell,5535  
 point source cell,5536  
 point source cell,1466  
 point source cell,5035  
 point source cell,5406  
 point source cell,790   
 point source cell,3395  
 point source cell,2830  
 point source cell,4813  
 point source cell,4762  
 point source cell,980   
 point source cell,2517  
 point source cell,3392  
 point source cell,5041  
 point source cell,2436  
 point source cell,3413  
 point source cell,2377  
 point source cell,4761  
 point source cell,1072  
 point source cell,1175  
 point source cell,4623  
 point source cell,4873  
 point source cell,2944  
 point source cell,539   
 point source cell,1362  
 point source cell,432   
 point source cell,1436  
 point source cell,337   
 point source cell,668   
 point source cell,1341  
 point source cell,1661  
 point source cell,5042  
 point source cell,1814  
 point source cell,2707  
 point source cell,1071  
 point source cell,5671  
 point source cell,1796  
 point source cell,7701  
 point source cell,4402  
 point source cell,1184  
 point source cell,2462  
 point source cell,4760  
 point source cell,2376  
 point source cell,1802  
 point source cell,2894  
 point source cell,4020  
 point source cell,3291  
 point source cell,801   
 point source cell,3828  
 point source cell,642   
 point source cell,1816  
 point source cell,3396  
 point source cell,4811  
 point source cell,2872  
 point source cell,1435  
 point source cell,4878  
 point source cell,3404  
 point source cell,2787  
 point source cell,523   
 point source cell,4771  
 point source cell,3     
 point source cell,332   
 point source cell,4821  
 point source cell,713   
 point source cell,2865  
 point source cell,2309  
 point source cell,2343  
 point source cell,804   
 point source cell,5155  
 point source cell,3301  
 point source cell,5988  
 point source cell,6446  
 point source cell,5684  
 point source cell,9696  
 point source cell,10857 
 point source cell,10190 
 point source cell,10191 
 point source cell,10319 
 point source cell,10297 
 point source cell,10298 
 point source cell,10320 
 point source cell,10128 
 point source cell,10493 
 point source cell,10187 
 point source cell,10289 
 point source cell,8381  
 point source cell,7890  
 point source cell,6197  
 point source cell,10445 
 point source cell,8216  
 point source cell,8050  
 point source cell,9209  
 point source cell,10102 
 point source cell,8879  
 point source cell,8246  
 point source cell,1194  
 point source cell,6443  
 point source cell,6795  
 point source cell,10364 
 point source cell,8188  
 point source cell,9672  
 point source cell,8055  
 point source cell,10604 
 point source cell,10365 
 point source cell,9720  
 point source cell,8917  
 point source cell,7611  
 point source cell,9724  
 point source cell,8935  
 point source cell,10222 
 point source cell,10159 
 point source cell,10722 
 point source cell,10681 
 point source cell,9930  
 point source cell,9042  
 point source cell,8338  
 point source cell,8179  
 point source cell,5134  
 point source cell,8122  
 point source cell,8118  
 point source cell,7517  
 point source cell,8339  
 point source cell,5656  
 point source cell,11032 
 point source cell,11044 
 point source cell,10341 
 point source cell,10732 
 point source cell,9389  
 point source cell,10877 
 point source cell,9698  
 point source cell,9931  
 point source cell,9294  
 point source cell,9240  
 point source cell,9725  
 point source cell,9721  
 point source cell,9726  
 point source cell,9652  
 point source cell,10968 
 point source cell,8626  
 point source cell,10850 
 point source cell,9116  
 point source cell,9481  
 point source cell,10531 
 point source cell,9858  
 point source cell,9697  
 point source cell,9900  
 point source cell,10321 
 point source cell,10978 
 point source cell,9232  
 point source cell,9935  
 point source cell,9722  
 point source cell,9625  
 point source cell,10155 
 point source cell,9433  
 point source cell,8502  
 point source cell,8462  
 point source cell,8933  
 point source cell,10619 
 point source cell,9594  
 point source cell,9266  
 point source cell,10726 
 point source cell,10126 
 point source cell,9955  
 point source cell,4967  
 point source cell,5605  
 point source cell,5337  
 point source cell,4678  
 point source cell,4875  
 point source cell,5160  
 point source cell,5086  
 point source cell,4719  
 point source cell,3565  
 point source cell,3678  
 point source cell,2706  
 point source cell,2635  
 point source cell,4231  
 point source cell,189   
 point source cell,117   
 point source cell,3569  
 point source cell,4409  
 point source cell,2875  
 point source cell,3398  
 point source cell,797   
 point source cell,1851  
 point source cell,3620  
 point source cell,1299  
 point source cell,4463  
 point source cell,3624  
 point source cell,1342  
 point source cell,257   
 point source cell,3566  
 point source cell,3779  
 point source cell,41    
 point source cell,1369  
 point source cell,1301  
 point source cell,1365  
 point source cell,3723  
 point source cell,576   
 point source cell,1849  
 point source cell,4281  
 point source cell,153   
 point source cell,603   
 point source cell,4022  
 point source cell,600   
 point source cell,4718  
 point source cell,4024  
 point source cell,1824  
 point source cell,3775  
 point source cell,2141  
 point source cell,2785  
 point source cell,1359  
 point source cell,79    
 point source cell,2140  
 point source cell,1076  
 point source cell,1568  
 point source cell,3570  
 point source cell,1841  
 point source cell,4337  
 point source cell,4721  
 point source cell,4976  
 point source cell,335   
 point source cell,1339  
 point source cell,469   
 point source cell,938   
 point source cell,191   
 point source cell,574   
 point source cell,537   
 point source cell,1467  
 point source cell,188   
 point source cell,3027  
 point source cell,4720  
 point source cell,4890  
 point source cell,4724  
 point source cell,2672  
 point source cell,3533  
 point source cell,1819  
 point source cell,5678  
 point source cell,5971  
 point source cell,3553  
 point source cell,4335  
 point source cell,2712  
 point source cell,1761  
 point source cell,3287  
 point source cell,4866  
 point source cell,1361  
 point source cell,4679  
 point source cell,4126  
 point source cell,1073  
 point source cell,4639  
 point source cell,2147  
 point source cell,3445  
 point source cell,186   
 point source cell,4019  
 point source cell,2277  
 point source cell,3722  
 point source cell,4717  
 point source cell,5685  
 point source cell,1695  
 point source cell,977   
 point source cell,5158  
 point source cell,2788  
 point source cell,2829  
 point source cell,2515  
 point source cell,2135  
 point source cell,298   
 point source cell,1078  
 point source cell,1360  
 point source cell,2900  
 point source cell,2901  
 point source cell,370   
 point source cell,1502  
 point source cell,1352  
 point source cell,1074  
 point source cell,2310  
 point source cell,481   
 point source cell,791   
 point source cell,5673  
 point source cell,2143  
 point source cell,4405  
 point source cell,2888  
 point source cell,4767  
 point source cell,1343  
 point source cell,1364  
 point source cell,437   
 point source cell,1291  
 point source cell,2100  
 point source cell,3534  
 point source cell,577   
 point source cell,1     
 point source cell,5039  
 point source cell,2902  
 point source cell,258   
 point source cell,3400  
 point source cell,715   
 point source cell,3407  
 point source cell,256   
 point source cell,1176  
 point source cell,190   
 point source cell,383   
 point source cell,1838  
 point source cell,2     
 point source cell,3399  
 point source cell,1367  
 point source cell,2792  
 point source cell,80    
 point source cell,4942  
 point source cell,5674  
 point source cell,1103  
 point source cell,1197  
 point source cell,1337  
 point source cell,1808  
 CSO cell,6456               
 CSO cell,6450               
 CSO cell,6449               
 CSO cell,6448               
 CSO cell,6447               
 CSO cell,5987               
 CSO cell,5986               
 CSO cell,5985               
 CSO cell,8213               
 CSO cell,8123               
 CSO cell,nocell             
 CSO cell,7782               
 CSO cell,8917               
 CSO cell,4401               
 CSO cell,1072               
 CSO cell,5685               
 CSO cell,5536               
